-- Production Import Script
-- Generated: 2026-01-25T09:28:07.123Z
PRAGMA foreign_keys = OFF;

-- User: Chirag (chiragnr72@gmail.com)
INSERT OR REPLACE INTO users (id, email, password_hash, name, phone, address, city, state, pincode, is_admin, created_at, updated_at) VALUES (6, 'chiragnr72@gmail.com', '$2b$10$/hzlqkxlxZM17gO6F6UMZ.3hIc4cKdbrA/wm5jyPWsPnLH6zMvkX.', 'Chirag', '9686390095', 'CheeluruNear Koli farmYadavanahalli, Kanakapura road, Bangalore 562112', NULL, NULL, NULL, 0, '2026-01-24 17:04:43', '2026-01-24 17:04:43');
INSERT OR REPLACE INTO orders (id, user_id, order_number, status, payment_status, total, subtotal, tracking_id, shipping_id, shipping_status, estimated_delivery, created_at, updated_at) VALUES (64, 6, 'FLYQ-1769275064206-Q485NH', 'confirmed', 'paid', 7999, 7999, 'TRK176927506422962EM7G', 'SHIP-FLYQ-1769275064206-Q485NH-1769275064229', 'pending', '2026-01-26', '2026-01-24 17:17:44', '2026-01-24 17:17:44');
INSERT OR REPLACE INTO order_items (id, order_id, product_id, product_name, quantity, price, created_at) VALUES (64, 64, 1, 'FLYQ Air', 1, 7999, '2026-01-24 17:17:44');

-- User: Sabarivasan mariyappan (Sabarivasanmariyappan805@gmail.com)
INSERT OR REPLACE INTO users (id, email, password_hash, name, phone, address, city, state, pincode, is_admin, created_at, updated_at) VALUES (7, 'Sabarivasanmariyappan805@gmail.com', '$2b$10$GlQGvgHY06NgTcwgz6oIkOEudComDlqjtq66nm2ndn7kxCmp57xrm', 'Sabarivasan mariyappan', '7708886918', 'Sabarivasan Mariyappan 69,A selliandi Amman Kovil street Idappadi Salem dt tamilnadu 637101', NULL, NULL, NULL, 0, '2026-01-24 17:04:43', '2026-01-24 17:04:43');
INSERT OR REPLACE INTO orders (id, user_id, order_number, status, payment_status, total, subtotal, tracking_id, shipping_id, shipping_status, estimated_delivery, created_at, updated_at) VALUES (65, 7, 'FLYQ-1769275064343-RXF5BF', 'confirmed', 'paid', 7999, 7999, 'TRK1769275064365KL6TX1', 'SHIP-FLYQ-1769275064343-RXF5BF-1769275064365', 'pending', '2026-01-26', '2026-01-24 17:17:44', '2026-01-24 17:17:44');
INSERT OR REPLACE INTO order_items (id, order_id, product_id, product_name, quantity, price, created_at) VALUES (65, 65, 1, 'FLYQ Air', 1, 7999, '2026-01-24 17:17:44');

-- User: Gourav Kumar pal (gauravkp73@gmail.com)
INSERT OR REPLACE INTO users (id, email, password_hash, name, phone, address, city, state, pincode, is_admin, created_at, updated_at) VALUES (8, 'gauravkp73@gmail.com', '$2b$10$l0IIfphu/MPWoshTniVwfO95/hGaneZxOxAc1AWaMlIR/H2rNBcFa', 'Gourav Kumar pal', '9335215872', 'Lovely Professional University, unimall , phagwara , Punjab -144411', NULL, NULL, NULL, 0, '2026-01-24 17:04:44', '2026-01-24 17:04:44');
INSERT OR REPLACE INTO orders (id, user_id, order_number, status, payment_status, total, subtotal, tracking_id, shipping_id, shipping_status, estimated_delivery, created_at, updated_at) VALUES (66, 8, 'FLYQ-1769275064409-AR26E9', 'confirmed', 'paid', 7999, 7999, 'TRK1769275064423NLJ7HD', 'SHIP-FLYQ-1769275064409-AR26E9-1769275064423', 'pending', '2026-01-26', '2026-01-24 17:17:44', '2026-01-24 17:17:44');
INSERT OR REPLACE INTO order_items (id, order_id, product_id, product_name, quantity, price, created_at) VALUES (66, 66, 1, 'FLYQ Air', 1, 7999, '2026-01-24 17:17:44');

-- User: Arshdeep Singh (arshbadwal5@gmail.com)
INSERT OR REPLACE INTO users (id, email, password_hash, name, phone, address, city, state, pincode, is_admin, created_at, updated_at) VALUES (9, 'arshbadwal5@gmail.com', '$2b$10$d3fcLbTXNlQdOl/PnL2YgetB8sx3rVOxPFrviaVFJoProjrI3ct.W', 'Arshdeep Singh', '9888958004', '54, Backside Niteshree Flats, Near Surya Enclave, Shourya Green,VTC: Jalandhar - I, PO: Chogitti,Sub District: Jalandhar - I, District: Jalandhar, State: PunjabPIN Code: 144009', NULL, NULL, NULL, 0, '2026-01-24 17:04:44', '2026-01-24 17:04:44');
INSERT OR REPLACE INTO orders (id, user_id, order_number, status, payment_status, total, subtotal, tracking_id, shipping_id, shipping_status, estimated_delivery, created_at, updated_at) VALUES (67, 9, 'FLYQ-1769275064470-4P8248', 'confirmed', 'paid', 7999, 7999, 'TRK17692750644801BFUUV', 'SHIP-FLYQ-1769275064470-4P8248-1769275064480', 'pending', '2026-01-26', '2026-01-24 17:17:44', '2026-01-24 17:17:44');
INSERT OR REPLACE INTO order_items (id, order_id, product_id, product_name, quantity, price, created_at) VALUES (67, 67, 1, 'FLYQ Air', 1, 7999, '2026-01-24 17:17:44');

-- User: GOPI KRISHNAN A. V. A (krishnanava62@gmail.com)
INSERT OR REPLACE INTO users (id, email, password_hash, name, phone, address, city, state, pincode, is_admin, created_at, updated_at) VALUES (10, 'krishnanava62@gmail.com', '$2b$10$I9XKAbFsO3m45nP5FMf5e.wuZzci9VJ8lZo1eLVsickq5LPXXAoZu', 'GOPI KRISHNAN A. V. A', '9445736449', '84 A 1 Block Sekkizhar street NH1 Maraimalai Nagar, chengelpet, pincode: 603209', NULL, NULL, NULL, 0, '2026-01-24 17:04:44', '2026-01-24 17:04:44');
INSERT OR REPLACE INTO orders (id, user_id, order_number, status, payment_status, total, subtotal, tracking_id, shipping_id, shipping_status, estimated_delivery, created_at, updated_at) VALUES (68, 10, 'FLYQ-1769275064518-WX3S1X', 'confirmed', 'paid', 7999, 7999, 'TRK1769275064524EU8VFJ', 'SHIP-FLYQ-1769275064518-WX3S1X-1769275064524', 'pending', '2026-01-26', '2026-01-24 17:17:44', '2026-01-24 17:17:44');
INSERT OR REPLACE INTO order_items (id, order_id, product_id, product_name, quantity, price, created_at) VALUES (68, 68, 1, 'FLYQ Air', 1, 7999, '2026-01-24 17:17:44');

-- User: SHYAMPREET   l (preetpal1951@gmail.com)
INSERT OR REPLACE INTO users (id, email, password_hash, name, phone, address, city, state, pincode, is_admin, created_at, updated_at) VALUES (11, 'preetpal1951@gmail.com', '$2b$10$oALD0FHDAjRzZ93Bl8CQ2eAjqlOnebNX1u7lY6VJi0uM.FVWYlYzW', 'SHYAMPREET   l', '919930821951', 'Shalimar Miracle flat no B-408 4th floor S.V.Road Jawahar Nagar Goregaon West, landmark above McDonald''sMu-400104', NULL, NULL, NULL, 0, '2026-01-24 17:04:44', '2026-01-24 17:04:44');
INSERT OR REPLACE INTO orders (id, user_id, order_number, status, payment_status, total, subtotal, tracking_id, shipping_id, shipping_status, estimated_delivery, created_at, updated_at) VALUES (69, 11, 'FLYQ-1769275064567-QITK4Z', 'confirmed', 'paid', 7999, 7999, 'TRK17692750645778LE488', 'SHIP-FLYQ-1769275064567-QITK4Z-1769275064577', 'pending', '2026-01-26', '2026-01-24 17:17:44', '2026-01-24 17:17:44');
INSERT OR REPLACE INTO order_items (id, order_id, product_id, product_name, quantity, price, created_at) VALUES (69, 69, 1, 'FLYQ Air', 1, 7999, '2026-01-24 17:17:44');

-- User: Prashant (Khurana2983@gmail.com)
INSERT OR REPLACE INTO users (id, email, password_hash, name, phone, address, city, state, pincode, is_admin, created_at, updated_at) VALUES (12, 'Khurana2983@gmail.com', '$2b$10$LcqinqWzQ91..3DNNjWTl.ynVGzhDGp1KryZUTrlUFWomoJ7snhP.', 'Prashant', '919871579801', 'Prashant Khurana A-6/72 Paschim vihar Near shiv mandir New Delhi 110063', NULL, NULL, NULL, 0, '2026-01-24 17:04:44', '2026-01-24 17:04:44');
INSERT OR REPLACE INTO orders (id, user_id, order_number, status, payment_status, total, subtotal, tracking_id, shipping_id, shipping_status, estimated_delivery, created_at, updated_at) VALUES (70, 12, 'FLYQ-1769275064612-2AZYFO', 'confirmed', 'paid', 7999, 7999, 'TRK1769275064617ENH831', 'SHIP-FLYQ-1769275064612-2AZYFO-1769275064617', 'pending', '2026-01-26', '2026-01-24 17:17:44', '2026-01-24 17:17:44');
INSERT OR REPLACE INTO order_items (id, order_id, product_id, product_name, quantity, price, created_at) VALUES (70, 70, 1, 'FLYQ Air', 1, 7999, '2026-01-24 17:17:44');

-- User: Bhushan ms (msbhuvan07@gmail.com)
INSERT OR REPLACE INTO users (id, email, password_hash, name, phone, address, city, state, pincode, is_admin, created_at, updated_at) VALUES (13, 'msbhuvan07@gmail.com', '$2b$10$5279i89IAf4YI3AMkFJAuOKXJNFIfXR3qJizofjVc3qKhxvshFzra', 'Bhushan ms', '9071237859', '#121 2nd cross, gopalappa layout,LR BANDE main road, Manorayanapalya, near reliance fresh, RT NAGAR post, Bangalore-560032', NULL, NULL, NULL, 0, '2026-01-24 17:04:44', '2026-01-24 17:04:44');
INSERT OR REPLACE INTO orders (id, user_id, order_number, status, payment_status, total, subtotal, tracking_id, shipping_id, shipping_status, estimated_delivery, created_at, updated_at) VALUES (71, 13, 'FLYQ-1769275064651-G3BC0B', 'confirmed', 'paid', 7999, 7999, 'TRK17692750646573HU7QT', 'SHIP-FLYQ-1769275064651-G3BC0B-1769275064657', 'pending', '2026-01-26', '2026-01-24 17:17:44', '2026-01-24 17:17:44');
INSERT OR REPLACE INTO order_items (id, order_id, product_id, product_name, quantity, price, created_at) VALUES (71, 71, 1, 'FLYQ Air', 1, 7999, '2026-01-24 17:17:44');

-- User: Rajeev krishna (rajeevkrishna3456@gmail.com)
INSERT OR REPLACE INTO users (id, email, password_hash, name, phone, address, city, state, pincode, is_admin, created_at, updated_at) VALUES (14, 'rajeevkrishna3456@gmail.com', '$2b$10$yWEJLEXI6zayO99lHAoFW.2cAFN6fRB37V8AWU9q1xB7QcU1o8xr.', 'Rajeev krishna', '919032344993', 'Rajeev Krishna Gara, 1st floor, 42-1-190(1),east kammapalem, Ongole, prakasam, Andhra Pradesh, 523001.', NULL, NULL, NULL, 0, '2026-01-24 17:04:45', '2026-01-24 17:04:45');
INSERT OR REPLACE INTO orders (id, user_id, order_number, status, payment_status, total, subtotal, tracking_id, shipping_id, shipping_status, estimated_delivery, created_at, updated_at) VALUES (72, 14, 'FLYQ-1769275064694-JDNBJR', 'confirmed', 'paid', 11999, 11999, 'TRK1769275064713IHVOY8', 'SHIP-FLYQ-1769275064694-JDNBJR-1769275064713', 'pending', '2026-01-26', '2026-01-24 17:17:44', '2026-01-24 17:17:44');
INSERT OR REPLACE INTO order_items (id, order_id, product_id, product_name, quantity, price, created_at) VALUES (72, 72, 2, 'FLYQ Vision', 1, 11999, '2026-01-24 17:17:44');

-- User: Akshai D K (dkakshai28@gmail.com)
INSERT OR REPLACE INTO users (id, email, password_hash, name, phone, address, city, state, pincode, is_admin, created_at, updated_at) VALUES (15, 'dkakshai28@gmail.com', '$2b$10$SBIFJqETd3253a9EtMDKhu18g7sESDnGeiA8CI1roFU3fJY7emWD.', 'Akshai D K', '9363173062', 'Alliance university - central campus, Chikkahadage cross, Chandapura - Anekal, Main road, Bangalore, Karnataka - 562106', NULL, NULL, NULL, 0, '2026-01-24 17:04:45', '2026-01-24 17:04:45');
INSERT OR REPLACE INTO orders (id, user_id, order_number, status, payment_status, total, subtotal, tracking_id, shipping_id, shipping_status, estimated_delivery, created_at, updated_at) VALUES (73, 15, 'FLYQ-1769275064745-BVYNN0', 'confirmed', 'paid', 7999, 7999, 'TRK1769275064754PL9Y4S', 'SHIP-FLYQ-1769275064745-BVYNN0-1769275064754', 'pending', '2026-01-26', '2026-01-24 17:17:44', '2026-01-24 17:17:44');
INSERT OR REPLACE INTO order_items (id, order_id, product_id, product_name, quantity, price, created_at) VALUES (73, 73, 1, 'FLYQ Air', 1, 7999, '2026-01-24 17:17:44');

-- User: Srinath K (srinathk3001@gmail.com)
INSERT OR REPLACE INTO users (id, email, password_hash, name, phone, address, city, state, pincode, is_admin, created_at, updated_at) VALUES (16, 'srinathk3001@gmail.com', '$2b$10$B6Y79o2ZK3niAEYugXB.wOyYEIFMTDeYEkxdhSlvFQ6C3y3K2B7z6', 'Srinath K', '8940164171', 'Address: 5th Street, subramani nagar, tiruttani, tiruvallur district - 631209. Opposite to Peter england', NULL, NULL, NULL, 0, '2026-01-24 17:04:45', '2026-01-24 17:04:45');
INSERT OR REPLACE INTO orders (id, user_id, order_number, status, payment_status, total, subtotal, tracking_id, shipping_id, shipping_status, estimated_delivery, created_at, updated_at) VALUES (74, 16, 'FLYQ-1769275064796-YQ1UUR', 'confirmed', 'paid', 7999, 7999, 'TRK176927506480670S96X', 'SHIP-FLYQ-1769275064796-YQ1UUR-1769275064806', 'pending', '2026-01-26', '2026-01-24 17:17:44', '2026-01-24 17:17:44');
INSERT OR REPLACE INTO order_items (id, order_id, product_id, product_name, quantity, price, created_at) VALUES (74, 74, 1, 'FLYQ Air', 1, 7999, '2026-01-24 17:17:44');

-- User: Keshav BG (keshavbg414@gmail.com)
INSERT OR REPLACE INTO users (id, email, password_hash, name, phone, address, city, state, pincode, is_admin, created_at, updated_at) VALUES (17, 'keshavbg414@gmail.com', '$2b$10$/MXGymKVau8a6j80zZZ1AenbsV.vFbgSlrF9kJ7Zy7ZTBAJ.mfioy', 'Keshav BG', '6360753581', 'Ramanagar district, Channapatna taluk ,16th cross Vinayaka nagar , near apple school , tattekere 562160', NULL, NULL, NULL, 0, '2026-01-24 17:04:45', '2026-01-24 17:04:45');
INSERT OR REPLACE INTO orders (id, user_id, order_number, status, payment_status, total, subtotal, tracking_id, shipping_id, shipping_status, estimated_delivery, created_at, updated_at) VALUES (75, 17, 'FLYQ-1769275064842-X6XVPO', 'confirmed', 'paid', 7999, 7999, 'TRK1769275064852HLVD2M', 'SHIP-FLYQ-1769275064842-X6XVPO-1769275064852', 'pending', '2026-01-26', '2026-01-24 17:17:44', '2026-01-24 17:17:44');
INSERT OR REPLACE INTO order_items (id, order_id, product_id, product_name, quantity, price, created_at) VALUES (75, 75, 1, 'FLYQ Air', 1, 7999, '2026-01-24 17:17:44');

-- User: Md Badrealam Khan (22btcs001hy@manuu.edu.in)
INSERT OR REPLACE INTO users (id, email, password_hash, name, phone, address, city, state, pincode, is_admin, created_at, updated_at) VALUES (18, '22btcs001hy@manuu.edu.in', '$2b$10$Mee9Fuf/kD.HNeeHrDbrMevRJwibXXhpeo5jn6vgT56wWQaz.k1B2', 'Md Badrealam Khan', '9161128878', 'Room 24 Hostel 3rd Block B Maulana Azad National Urdu University Gachibowli Hyderabad pincode 500032', NULL, NULL, NULL, 0, '2026-01-24 17:04:46', '2026-01-24 17:04:46');
INSERT OR REPLACE INTO orders (id, user_id, order_number, status, payment_status, total, subtotal, tracking_id, shipping_id, shipping_status, estimated_delivery, created_at, updated_at) VALUES (76, 18, 'FLYQ-1769275064961-0DKE58', 'confirmed', 'paid', 7999, 7999, 'TRK1769275064976E1F2LU', 'SHIP-FLYQ-1769275064961-0DKE58-1769275064976', 'pending', '2026-01-26', '2026-01-24 17:17:44', '2026-01-24 17:17:44');
INSERT OR REPLACE INTO order_items (id, order_id, product_id, product_name, quantity, price, created_at) VALUES (76, 76, 1, 'FLYQ Air', 1, 7999, '2026-01-24 17:17:44');

-- User: KARNAM.SAIRAM (sairamkarnam676@gmail.com)
INSERT OR REPLACE INTO users (id, email, password_hash, name, phone, address, city, state, pincode, is_admin, created_at, updated_at) VALUES (19, 'sairamkarnam676@gmail.com', '$2b$10$4Y5h23R1t5/ItGePUzXgJuB6C8kN3EkUASG5.ZEw52/uXtvvmteui', 'KARNAM.SAIRAM', '6300396820', 'Dhanalakshmi Srinivasan college of engineering,ECR ,SH49, mamallapuram (mahabalipuram),kanchipuram,Tamil Nadu,603104', NULL, NULL, NULL, 0, '2026-01-24 17:04:46', '2026-01-24 17:04:46');
INSERT OR REPLACE INTO orders (id, user_id, order_number, status, payment_status, total, subtotal, tracking_id, shipping_id, shipping_status, estimated_delivery, created_at, updated_at) VALUES (77, 19, 'FLYQ-1769275065034-3UHIQ4', 'confirmed', 'paid', 7999, 7999, 'TRK1769275065070AXOQPE', 'SHIP-FLYQ-1769275065034-3UHIQ4-1769275065070', 'pending', '2026-01-26', '2026-01-24 17:17:45', '2026-01-24 17:17:45');
INSERT OR REPLACE INTO order_items (id, order_id, product_id, product_name, quantity, price, created_at) VALUES (77, 77, 1, 'FLYQ Air', 1, 7999, '2026-01-24 17:17:45');

-- User: Gautam Mestry (Photos4gomzy@gmail.com)
INSERT OR REPLACE INTO users (id, email, password_hash, name, phone, address, city, state, pincode, is_admin, created_at, updated_at) VALUES (20, 'Photos4gomzy@gmail.com', '$2b$10$M4Mem.GQiEBcJbZ3lIM66.wIVxK7nrpFVlkreVEMndxZPm80Wfd.q', 'Gautam Mestry', '919869434862', 'Wing 9, Flat no. 706 Lodha Amara. Kolshet Road, near Kolshet post office.Thane west. Maharashtra 400607.', NULL, NULL, NULL, 0, '2026-01-24 17:04:46', '2026-01-24 17:04:46');
INSERT OR REPLACE INTO orders (id, user_id, order_number, status, payment_status, total, subtotal, tracking_id, shipping_id, shipping_status, estimated_delivery, created_at, updated_at) VALUES (78, 20, 'FLYQ-1769275065109-9FVQ14', 'confirmed', 'paid', 11999, 11999, 'TRK1769275065124FUZ9IK', 'SHIP-FLYQ-1769275065109-9FVQ14-1769275065124', 'pending', '2026-01-26', '2026-01-24 17:17:45', '2026-01-24 17:17:45');
INSERT OR REPLACE INTO order_items (id, order_id, product_id, product_name, quantity, price, created_at) VALUES (78, 78, 2, 'FLYQ Vision', 1, 11999, '2026-01-24 17:17:45');

-- User: Anusha B (anushasureshb1303@gmail.com)
INSERT OR REPLACE INTO users (id, email, password_hash, name, phone, address, city, state, pincode, is_admin, created_at, updated_at) VALUES (21, 'anushasureshb1303@gmail.com', '$2b$10$5UsYgx7tsPkZlz1IZqzafeKW7I55PTva171U5nzf8tSYk/xtW8ngK', 'Anusha B', '917075188390', '7-1-35/101,Sri Devi apartments,opp.sister nivedita school,flat no.301,DK road, Ameerpet, Hyderabad 500016', NULL, NULL, NULL, 0, '2026-01-24 17:04:46', '2026-01-24 17:04:46');
INSERT OR REPLACE INTO orders (id, user_id, order_number, status, payment_status, total, subtotal, tracking_id, shipping_id, shipping_status, estimated_delivery, created_at, updated_at) VALUES (79, 21, 'FLYQ-1769275065194-Q1GLTL', 'confirmed', 'paid', 7999, 7999, 'TRK17692750652165SUEND', 'SHIP-FLYQ-1769275065194-Q1GLTL-1769275065216', 'pending', '2026-01-26', '2026-01-24 17:17:45', '2026-01-24 17:17:45');
INSERT OR REPLACE INTO order_items (id, order_id, product_id, product_name, quantity, price, created_at) VALUES (79, 79, 1, 'FLYQ Air', 1, 7999, '2026-01-24 17:17:45');

-- User: Anantha Reddy (chinnarappagariananth303@gmail.com)
INSERT OR REPLACE INTO users (id, email, password_hash, name, phone, address, city, state, pincode, is_admin, created_at, updated_at) VALUES (22, 'chinnarappagariananth303@gmail.com', '$2b$10$tgTQy9hL2WoGAliEGGQ7w.d9lBh0vSztHR/AvoKSqZ03nW2jWykMe', 'Anantha Reddy', '919959332484', 'plot no 16, mamillanarayana colony, nagaram,medchal malkajgiri district, Telangana,Pincode:500083', NULL, NULL, NULL, 0, '2026-01-24 17:04:46', '2026-01-24 17:04:46');
INSERT OR REPLACE INTO orders (id, user_id, order_number, status, payment_status, total, subtotal, tracking_id, shipping_id, shipping_status, estimated_delivery, created_at, updated_at) VALUES (80, 22, 'FLYQ-1769275065267-UXBU1K', 'confirmed', 'paid', 7999, 7999, 'TRK176927506528173YRPA', 'SHIP-FLYQ-1769275065267-UXBU1K-1769275065281', 'pending', '2026-01-26', '2026-01-24 17:17:45', '2026-01-24 17:17:45');
INSERT OR REPLACE INTO order_items (id, order_id, product_id, product_name, quantity, price, created_at) VALUES (80, 80, 1, 'FLYQ Air', 1, 7999, '2026-01-24 17:17:45');

-- User: Pranavesh.R (rameshpranavesh@gmail.com)
INSERT OR REPLACE INTO users (id, email, password_hash, name, phone, address, city, state, pincode, is_admin, created_at, updated_at) VALUES (23, 'rameshpranavesh@gmail.com', '$2b$10$PY5CgkqhpVtO3pGHVMrvjOOx8tP9PBwh5m/zbQKIH.MmgLYP4x82O', 'Pranavesh.R', '7358324683', '304,9th block eta globe vill apartment''s, mambakkam, sriperumbudur,Tamilnadu-602105.', NULL, NULL, NULL, 0, '2026-01-24 17:04:46', '2026-01-24 17:04:46');
INSERT OR REPLACE INTO orders (id, user_id, order_number, status, payment_status, total, subtotal, tracking_id, shipping_id, shipping_status, estimated_delivery, created_at, updated_at) VALUES (81, 23, 'FLYQ-1769275065331-JGIQNC', 'confirmed', 'paid', 7999, 7999, 'TRK1769275065354EPTUTU', 'SHIP-FLYQ-1769275065331-JGIQNC-1769275065354', 'pending', '2026-01-26', '2026-01-24 17:17:45', '2026-01-24 17:17:45');
INSERT OR REPLACE INTO order_items (id, order_id, product_id, product_name, quantity, price, created_at) VALUES (81, 81, 1, 'FLYQ Air', 1, 7999, '2026-01-24 17:17:45');

-- User: Abhishek (abhishekjena407@gmail.com)
INSERT OR REPLACE INTO users (id, email, password_hash, name, phone, address, city, state, pincode, is_admin, created_at, updated_at) VALUES (24, 'abhishekjena407@gmail.com', '$2b$10$xVgqnUUgDgvr26Dyo2WAFOtkABCftF2UKEXVKnTQ2ER8nsCDzMh5.', 'Abhishek', '917328891222', 'HOUSE NO. 242, Empyrean Vista Phase-2, Kotewada, Khapri, Nagpur, Maharashtra, 441122', NULL, NULL, NULL, 0, '2026-01-24 17:04:47', '2026-01-24 17:04:47');
INSERT OR REPLACE INTO orders (id, user_id, order_number, status, payment_status, total, subtotal, tracking_id, shipping_id, shipping_status, estimated_delivery, created_at, updated_at) VALUES (82, 24, 'FLYQ-1769275065393-B9EXQV', 'confirmed', 'paid', 7999, 7999, 'TRK1769275065404RHWLKH', 'SHIP-FLYQ-1769275065393-B9EXQV-1769275065404', 'pending', '2026-01-26', '2026-01-24 17:17:45', '2026-01-24 17:17:45');
INSERT OR REPLACE INTO order_items (id, order_id, product_id, product_name, quantity, price, created_at) VALUES (82, 82, 1, 'FLYQ Air', 1, 7999, '2026-01-24 17:17:45');

-- User: Shivani (shivanikhandelwal487@gmail.com)
INSERT OR REPLACE INTO users (id, email, password_hash, name, phone, address, city, state, pincode, is_admin, created_at, updated_at) VALUES (25, 'shivanikhandelwal487@gmail.com', '$2b$10$LmtOcaGSnBUZeFB7joC4/e3oTD71wzkRvrgZRWM428JvwHazcXK92', 'Shivani', '9399518274', 'MIG-1 C-SECTOR, 3-C, near SYNERGY HOSPITAL, Saket Nagar, Bhopal, Madhya Pradesh 462024', NULL, NULL, NULL, 0, '2026-01-24 17:04:47', '2026-01-24 17:04:47');
INSERT OR REPLACE INTO orders (id, user_id, order_number, status, payment_status, total, subtotal, tracking_id, shipping_id, shipping_status, estimated_delivery, created_at, updated_at) VALUES (83, 25, 'FLYQ-1769275065444-IAZF9P', 'confirmed', 'paid', 7999, 7999, 'TRK1769275065460CM0GGM', 'SHIP-FLYQ-1769275065444-IAZF9P-1769275065460', 'pending', '2026-01-26', '2026-01-24 17:17:45', '2026-01-24 17:17:45');
INSERT OR REPLACE INTO order_items (id, order_id, product_id, product_name, quantity, price, created_at) VALUES (83, 83, 1, 'FLYQ Air', 1, 7999, '2026-01-24 17:17:45');

-- User: Vedant Chomal (vedantchomal@gmail.com)
INSERT OR REPLACE INTO users (id, email, password_hash, name, phone, address, city, state, pincode, is_admin, created_at, updated_at) VALUES (26, 'vedantchomal@gmail.com', '$2b$10$KYaWa/atUo8HP9HxCFTecOJcSelDj9vv74.aHkRxu3o2w5bxni5sq', 'Vedant Chomal', '8335011130', '331/7 GT Road (N)Kalia vatika, 3rd floorBibi bagan, opp tara clubSalkia,Howrah - 711106', NULL, NULL, NULL, 0, '2026-01-24 17:04:47', '2026-01-24 17:04:47');
INSERT OR REPLACE INTO orders (id, user_id, order_number, status, payment_status, total, subtotal, tracking_id, shipping_id, shipping_status, estimated_delivery, created_at, updated_at) VALUES (84, 26, 'FLYQ-1769275065507-E1P7C8', 'confirmed', 'paid', 7999, 7999, 'TRK1769275065515DXK3M0', 'SHIP-FLYQ-1769275065507-E1P7C8-1769275065515', 'pending', '2026-01-26', '2026-01-24 17:17:45', '2026-01-24 17:17:45');
INSERT OR REPLACE INTO order_items (id, order_id, product_id, product_name, quantity, price, created_at) VALUES (84, 84, 1, 'FLYQ Air', 1, 7999, '2026-01-24 17:17:45');

-- User: Amritha M (amrithamanjunair@outlook.com)
INSERT OR REPLACE INTO users (id, email, password_hash, name, phone, address, city, state, pincode, is_admin, created_at, updated_at) VALUES (27, 'amrithamanjunair@outlook.com', '$2b$10$.h/eYyfpOYhcFNYBh4LsMuXTCVkSsUyxhfi5XQP8qy5GrhT382Uoe', 'Amritha M', '918073782946', 'E211, Gargi Bhavanam, Amrita Vidyapeetham, Ettimadai, Amritanagar , Coimbatore - 641112', NULL, NULL, NULL, 0, '2026-01-24 17:04:47', '2026-01-24 17:04:47');
INSERT OR REPLACE INTO orders (id, user_id, order_number, status, payment_status, total, subtotal, tracking_id, shipping_id, shipping_status, estimated_delivery, created_at, updated_at) VALUES (85, 27, 'FLYQ-1769275065561-VBANZ3', 'confirmed', 'paid', 11999, 11999, 'TRK1769275065572XT3WXY', 'SHIP-FLYQ-1769275065561-VBANZ3-1769275065572', 'pending', '2026-01-26', '2026-01-24 17:17:45', '2026-01-24 17:17:45');
INSERT OR REPLACE INTO order_items (id, order_id, product_id, product_name, quantity, price, created_at) VALUES (85, 85, 2, 'FLYQ Vision', 1, 11999, '2026-01-24 17:17:45');

-- User: Nathan Aaron (meetnathanonline@gmail.com)
INSERT OR REPLACE INTO users (id, email, password_hash, name, phone, address, city, state, pincode, is_admin, created_at, updated_at) VALUES (28, 'meetnathanonline@gmail.com', '$2b$10$3REnj7PkjK1YVjviOVZ25uLB.E21IykYHQkoNE80jvCZkPsgWKMkS', 'Nathan Aaron', '8975100200', '214, CITICENTRE, Patto Plaza, Next to Sesa Ghor, Panjim - Goa, 403001', NULL, NULL, NULL, 0, '2026-01-24 17:04:47', '2026-01-24 17:04:47');
INSERT OR REPLACE INTO orders (id, user_id, order_number, status, payment_status, total, subtotal, tracking_id, shipping_id, shipping_status, estimated_delivery, created_at, updated_at) VALUES (86, 28, 'FLYQ-1769275065610-KDMWQ4', 'confirmed', 'paid', 11999, 11999, 'TRK1769275065621V4AM45', 'SHIP-FLYQ-1769275065610-KDMWQ4-1769275065621', 'pending', '2026-01-26', '2026-01-24 17:17:45', '2026-01-24 17:17:45');
INSERT OR REPLACE INTO order_items (id, order_id, product_id, product_name, quantity, price, created_at) VALUES (86, 86, 2, 'FLYQ Vision', 1, 11999, '2026-01-24 17:17:45');

-- User: Dhananjaya Naik (dhananjaya.bl@gmail.com)
INSERT OR REPLACE INTO users (id, email, password_hash, name, phone, address, city, state, pincode, is_admin, created_at, updated_at) VALUES (29, 'dhananjaya.bl@gmail.com', '$2b$10$loyvcVWArcaIOp1y3YPsTuOLZHutQ3OFGVONtLe5AzlbOYTgWOvdW', 'Dhananjaya Naik', '919035550055', 'Dhananjaya BL101, DS-MAX SILVERBELL, Tunganagar main road, Byadarahalli, near St. Yash School, Bengaluru, 560091.', NULL, NULL, NULL, 0, '2026-01-24 17:04:48', '2026-01-24 17:04:48');
INSERT OR REPLACE INTO orders (id, user_id, order_number, status, payment_status, total, subtotal, tracking_id, shipping_id, shipping_status, estimated_delivery, created_at, updated_at) VALUES (87, 29, 'FLYQ-1769275065657-JWH28N', 'confirmed', 'paid', 7999, 7999, 'TRK1769275065675A6IO64', 'SHIP-FLYQ-1769275065657-JWH28N-1769275065675', 'pending', '2026-01-26', '2026-01-24 17:17:45', '2026-01-24 17:17:45');
INSERT OR REPLACE INTO order_items (id, order_id, product_id, product_name, quantity, price, created_at) VALUES (87, 87, 1, 'FLYQ Air', 1, 7999, '2026-01-24 17:17:45');

-- User: Agamya Kulkarni (agamyakulkarni7@gmail.com)
INSERT OR REPLACE INTO users (id, email, password_hash, name, phone, address, city, state, pincode, is_admin, created_at, updated_at) VALUES (30, 'agamyakulkarni7@gmail.com', '$2b$10$d.Jmj8P1LMTzGs5MV0xmQuEB3N39R//Xxw/vUJOJPjJsZvE4s.SlK', 'Agamya Kulkarni', '916352655697', 'Flat no K-403,K-Wing,4th Floor,Shree Sidheshwar Homes, Opposite to Dream Villa,New VIP Road, New Karelibaug,Sayyajipura,Vadodara, Gujarat,390019', NULL, NULL, NULL, 0, '2026-01-24 17:04:48', '2026-01-24 17:04:48');
INSERT OR REPLACE INTO orders (id, user_id, order_number, status, payment_status, total, subtotal, tracking_id, shipping_id, shipping_status, estimated_delivery, created_at, updated_at) VALUES (88, 30, 'FLYQ-1769275065766-PQ8PLQ', 'confirmed', 'paid', 7999, 7999, 'TRK176927506577262EJM4', 'SHIP-FLYQ-1769275065766-PQ8PLQ-1769275065772', 'pending', '2026-01-26', '2026-01-24 17:17:45', '2026-01-24 17:17:45');
INSERT OR REPLACE INTO order_items (id, order_id, product_id, product_name, quantity, price, created_at) VALUES (88, 88, 1, 'FLYQ Air', 1, 7999, '2026-01-24 17:17:45');

-- User: Ravish Raizada (ravishlawrence@gmail.com)
INSERT OR REPLACE INTO users (id, email, password_hash, name, phone, address, city, state, pincode, is_admin, created_at, updated_at) VALUES (31, 'ravishlawrence@gmail.com', '$2b$10$92IUClmua63NdBiErR0SU.ubaqv5ScbQpYnlaaaJqk05NiL2NBwN.', 'Ravish Raizada', '919654368303', '18/303, Indira Nagar, Lucknow-226016(Near DAV School)', NULL, NULL, NULL, 0, '2026-01-24 17:04:48', '2026-01-24 17:04:48');
INSERT OR REPLACE INTO orders (id, user_id, order_number, status, payment_status, total, subtotal, tracking_id, shipping_id, shipping_status, estimated_delivery, created_at, updated_at) VALUES (89, 31, 'FLYQ-1769275065815-XXJ313', 'confirmed', 'paid', 11999, 11999, 'TRK17692750658473TWAPW', 'SHIP-FLYQ-1769275065815-XXJ313-1769275065847', 'pending', '2026-01-26', '2026-01-24 17:17:45', '2026-01-24 17:17:45');
INSERT OR REPLACE INTO order_items (id, order_id, product_id, product_name, quantity, price, created_at) VALUES (89, 89, 2, 'FLYQ Vision', 1, 11999, '2026-01-24 17:17:45');

-- User: Abhishek (abhikatkar12@gmail.com)
INSERT OR REPLACE INTO users (id, email, password_hash, name, phone, address, city, state, pincode, is_admin, created_at, updated_at) VALUES (32, 'abhikatkar12@gmail.com', '$2b$10$VAdHmuAOW9U/lxsS/46FYuVnXPBvAo/ZWdG918cMNLYCPLCw.99YW', 'Abhishek', '9665046975', 'Srno111, Terra Greens,A1Tower, Auti Group, Behind Lodha Belmondo, Ravet Annex,Sangawade, Pune 412101', NULL, NULL, NULL, 0, '2026-01-24 17:04:48', '2026-01-24 17:04:48');
INSERT OR REPLACE INTO orders (id, user_id, order_number, status, payment_status, total, subtotal, tracking_id, shipping_id, shipping_status, estimated_delivery, created_at, updated_at) VALUES (90, 32, 'FLYQ-1769275065881-Z8DT8U', 'confirmed', 'paid', 7999, 7999, 'TRK1769275065886AS0W4E', 'SHIP-FLYQ-1769275065881-Z8DT8U-1769275065886', 'pending', '2026-01-26', '2026-01-24 17:17:45', '2026-01-24 17:17:45');
INSERT OR REPLACE INTO order_items (id, order_id, product_id, product_name, quantity, price, created_at) VALUES (90, 90, 1, 'FLYQ Air', 1, 7999, '2026-01-24 17:17:45');

-- User: Pavan Kumar (pavanrochester@gmail.com)
INSERT OR REPLACE INTO users (id, email, password_hash, name, phone, address, city, state, pincode, is_admin, created_at, updated_at) VALUES (33, 'pavanrochester@gmail.com', '$2b$10$iFbeD61EmquTPeVF.1wJX.mWHKSdtHl7SLqe8z5l22pNvXvelMrPa', 'Pavan Kumar', '917432833666', 'audit partnership, 4th floor, Subharam complex, above hdfc bank, beside trinity metro station, Bangalore, 560001', NULL, NULL, NULL, 0, '2026-01-24 17:04:48', '2026-01-24 17:04:48');
INSERT OR REPLACE INTO orders (id, user_id, order_number, status, payment_status, total, subtotal, tracking_id, shipping_id, shipping_status, estimated_delivery, created_at, updated_at) VALUES (91, 33, 'FLYQ-1769275065921-SLEP7O', 'confirmed', 'paid', 7999, 7999, 'TRK1769275065925V2QUKN', 'SHIP-FLYQ-1769275065921-SLEP7O-1769275065925', 'pending', '2026-01-26', '2026-01-24 17:17:45', '2026-01-24 17:17:45');
INSERT OR REPLACE INTO order_items (id, order_id, product_id, product_name, quantity, price, created_at) VALUES (91, 91, 1, 'FLYQ Air', 1, 7999, '2026-01-24 17:17:45');

-- User: Hitansh Makhija (ritikacmakhija@gmail.com)
INSERT OR REPLACE INTO users (id, email, password_hash, name, phone, address, city, state, pincode, is_admin, created_at, updated_at) VALUES (34, 'ritikacmakhija@gmail.com', '$2b$10$aaDKuOftcjD1BDAhWe1i2.er4cXyjKZ2.BCS5/pcVCmk4a6pwNCDq', 'Hitansh Makhija', '919923308350', '435 , Daivat Bungalow , Devlali Cooperative Society , Anand Road , Devlali , Nashik 422401Maharashtra', NULL, NULL, NULL, 0, '2026-01-24 17:04:48', '2026-01-24 17:04:48');
INSERT OR REPLACE INTO orders (id, user_id, order_number, status, payment_status, total, subtotal, tracking_id, shipping_id, shipping_status, estimated_delivery, created_at, updated_at) VALUES (92, 34, 'FLYQ-1769275065955-5IG647', 'confirmed', 'paid', 7999, 7999, 'TRK1769275065961AJU0R2', 'SHIP-FLYQ-1769275065955-5IG647-1769275065961', 'pending', '2026-01-26', '2026-01-24 17:17:45', '2026-01-24 17:17:45');
INSERT OR REPLACE INTO order_items (id, order_id, product_id, product_name, quantity, price, created_at) VALUES (92, 92, 1, 'FLYQ Air', 1, 7999, '2026-01-24 17:17:45');

-- User: Vidhya Sagar (gattusagar04997@gmail.com)
INSERT OR REPLACE INTO users (id, email, password_hash, name, phone, address, city, state, pincode, is_admin, created_at, updated_at) VALUES (35, 'gattusagar04997@gmail.com', '$2b$10$OGignP/hfX2Io0I.KmDove.sN03ErYIm1GIEakHDChr8GwkgIHC3S', 'Vidhya Sagar', '919550734145', 'H.no : 1-116 ,Eliminedu (v), Ibrahimpatnam (m),Ranga reddy dist Telangana 501506', NULL, NULL, NULL, 0, '2026-01-24 17:04:49', '2026-01-24 17:04:49');
INSERT OR REPLACE INTO orders (id, user_id, order_number, status, payment_status, total, subtotal, tracking_id, shipping_id, shipping_status, estimated_delivery, created_at, updated_at) VALUES (93, 35, 'FLYQ-1769275065991-DA5QDM', 'confirmed', 'paid', 7999, 7999, 'TRK1769275065995E1F6HC', 'SHIP-FLYQ-1769275065991-DA5QDM-1769275065995', 'pending', '2026-01-26', '2026-01-24 17:17:45', '2026-01-24 17:17:45');
INSERT OR REPLACE INTO order_items (id, order_id, product_id, product_name, quantity, price, created_at) VALUES (93, 93, 1, 'FLYQ Air', 1, 7999, '2026-01-24 17:17:45');

-- User: Abhinav (abhinavjoshi7891@gmail.com)
INSERT OR REPLACE INTO users (id, email, password_hash, name, phone, address, city, state, pincode, is_admin, created_at, updated_at) VALUES (36, 'abhinavjoshi7891@gmail.com', '$2b$10$HAu1OXdD1n62XTRVW9MCKuZRR98Wq0Yuk74bxSaJcSusWTeklng86', 'Abhinav', '919870500259', '33, Shruti apartments, plot-22, sector-7, Dwarka, New Delhi -110075', NULL, NULL, NULL, 0, '2026-01-24 17:04:49', '2026-01-24 17:04:49');
INSERT OR REPLACE INTO orders (id, user_id, order_number, status, payment_status, total, subtotal, tracking_id, shipping_id, shipping_status, estimated_delivery, created_at, updated_at) VALUES (94, 36, 'FLYQ-1769275066025-Q4JRXI', 'confirmed', 'paid', 11999, 11999, 'TRK1769275066033JRK9S2', 'SHIP-FLYQ-1769275066025-Q4JRXI-1769275066033', 'pending', '2026-01-26', '2026-01-24 17:17:46', '2026-01-24 17:17:46');
INSERT OR REPLACE INTO order_items (id, order_id, product_id, product_name, quantity, price, created_at) VALUES (94, 94, 2, 'FLYQ Vision', 1, 11999, '2026-01-24 17:17:46');

-- User: Vaishali Hanamant Bellubbi (bellubbivaishali@gmail.com)
INSERT OR REPLACE INTO users (id, email, password_hash, name, phone, address, city, state, pincode, is_admin, created_at, updated_at) VALUES (37, 'bellubbivaishali@gmail.com', '$2b$10$CHpHkyhqoWKu3WjgEAW0H.6VVR7SmOAPi/y4bfPiZnJJVnmZJXn3.', 'Vaishali Hanamant Bellubbi', '8904904292', 'Room number 302, MSR NIMS living girls hostel,near gate no 9B,M S Ramaiah Nagar,7th main road, Mathikere, Bangalore 560054', NULL, NULL, NULL, 0, '2026-01-24 17:04:49', '2026-01-24 17:04:49');
INSERT OR REPLACE INTO orders (id, user_id, order_number, status, payment_status, total, subtotal, tracking_id, shipping_id, shipping_status, estimated_delivery, created_at, updated_at) VALUES (95, 37, 'FLYQ-1769275066065-LSWJGA', 'confirmed', 'paid', 7999, 7999, 'TRK1769275066072N3LEB0', 'SHIP-FLYQ-1769275066065-LSWJGA-1769275066072', 'pending', '2026-01-26', '2026-01-24 17:17:46', '2026-01-24 17:17:46');
INSERT OR REPLACE INTO order_items (id, order_id, product_id, product_name, quantity, price, created_at) VALUES (95, 95, 1, 'FLYQ Air', 1, 7999, '2026-01-24 17:17:46');

-- User: Ganesh (ganesh.sahai2@gmail.com)
INSERT OR REPLACE INTO users (id, email, password_hash, name, phone, address, city, state, pincode, is_admin, created_at, updated_at) VALUES (38, 'ganesh.sahai2@gmail.com', '$2b$10$5jbIC2Kvu3L/G9SDqgWbqulkIWZ.9z4MQJxLJP4yQ6G3/aLB.wZoq', 'Ganesh', '9810222312', 'A3/519, Tower-7,  Silver City, Sec-93,  Noida (UP) - 201304', NULL, NULL, NULL, 0, '2026-01-24 17:04:49', '2026-01-24 17:04:49');
INSERT OR REPLACE INTO orders (id, user_id, order_number, status, payment_status, total, subtotal, tracking_id, shipping_id, shipping_status, estimated_delivery, created_at, updated_at) VALUES (96, 38, 'FLYQ-1769275066106-CKLR83', 'confirmed', 'paid', 11999, 11999, 'TRK1769275066111BZZI7D', 'SHIP-FLYQ-1769275066106-CKLR83-1769275066111', 'pending', '2026-01-26', '2026-01-24 17:17:46', '2026-01-24 17:17:46');
INSERT OR REPLACE INTO order_items (id, order_id, product_id, product_name, quantity, price, created_at) VALUES (96, 96, 2, 'FLYQ Vision', 1, 11999, '2026-01-24 17:17:46');

-- User: Jaseel A V (jaseel9544196709@gmail.com)
INSERT OR REPLACE INTO users (id, email, password_hash, name, phone, address, city, state, pincode, is_admin, created_at, updated_at) VALUES (39, 'jaseel9544196709@gmail.com', '$2b$10$At8UeJkAa/w.O917Y/3YhOIpYAdGALR1u/GvCME6GfV9W.TZIG7a2', 'Jaseel A V', '9544196709', 'Jaseel A VAttuchirayil, vayakkara, padiyotchal (PO),kannurKerala6703539544196709', NULL, NULL, NULL, 0, '2026-01-24 17:04:50', '2026-01-24 17:04:50');
INSERT OR REPLACE INTO orders (id, user_id, order_number, status, payment_status, total, subtotal, tracking_id, shipping_id, shipping_status, estimated_delivery, created_at, updated_at) VALUES (97, 39, 'FLYQ-1769275066150-ZAGW2N', 'confirmed', 'paid', 11999, 11999, 'TRK176927506615728AQ3K', 'SHIP-FLYQ-1769275066150-ZAGW2N-1769275066157', 'pending', '2026-01-26', '2026-01-24 17:17:46', '2026-01-24 17:17:46');
INSERT OR REPLACE INTO order_items (id, order_id, product_id, product_name, quantity, price, created_at) VALUES (97, 97, 2, 'FLYQ Vision', 1, 11999, '2026-01-24 17:17:46');

-- User: Pravin (pravingreat7@outlook.in)
INSERT OR REPLACE INTO users (id, email, password_hash, name, phone, address, city, state, pincode, is_admin, created_at, updated_at) VALUES (40, 'pravingreat7@outlook.in', '$2b$10$eApw80Y7Wp/KlxbhpQg0H.PveHcDXeqSd135OPFSVS9WbP.ZZGDAK', 'Pravin', '919500356975', '2B/4, Sai Ayush Rameshaa,Netaji colony 9th cross street,Velachery,Chennai - 600042.', NULL, NULL, NULL, 0, '2026-01-24 17:04:50', '2026-01-24 17:04:50');
INSERT OR REPLACE INTO orders (id, user_id, order_number, status, payment_status, total, subtotal, tracking_id, shipping_id, shipping_status, estimated_delivery, created_at, updated_at) VALUES (98, 40, 'FLYQ-1769275066190-4PYZMA', 'confirmed', 'paid', 7999, 7999, 'TRK1769275066202DGYEYN', 'SHIP-FLYQ-1769275066190-4PYZMA-1769275066202', 'pending', '2026-01-26', '2026-01-24 17:17:46', '2026-01-24 17:17:46');
INSERT OR REPLACE INTO order_items (id, order_id, product_id, product_name, quantity, price, created_at) VALUES (98, 98, 1, 'FLYQ Air', 1, 7999, '2026-01-24 17:17:46');

-- User: Nandan L (nandan23lakshminarayan@gmail.com)
INSERT OR REPLACE INTO users (id, email, password_hash, name, phone, address, city, state, pincode, is_admin, created_at, updated_at) VALUES (41, 'nandan23lakshminarayan@gmail.com', '$2b$10$DYRIeYAfRXZvJVVsS/2g3ey2afsVY0wpdgYgCJHWxxqJHlkxDWeP6', 'Nandan L', '9019980462', 'House no. 148, "Madhura", 3rd cross, B K layout, Thindlu, Vidyaranyapura Post, Bengaluru-560097', NULL, NULL, NULL, 0, '2026-01-24 17:04:50', '2026-01-24 17:04:50');
INSERT OR REPLACE INTO orders (id, user_id, order_number, status, payment_status, total, subtotal, tracking_id, shipping_id, shipping_status, estimated_delivery, created_at, updated_at) VALUES (99, 41, 'FLYQ-1769275066235-DY8UDB', 'confirmed', 'paid', 7999, 7999, 'TRK17692750662458QN6IX', 'SHIP-FLYQ-1769275066235-DY8UDB-1769275066245', 'pending', '2026-01-26', '2026-01-24 17:17:46', '2026-01-24 17:17:46');
INSERT OR REPLACE INTO order_items (id, order_id, product_id, product_name, quantity, price, created_at) VALUES (99, 99, 1, 'FLYQ Air', 1, 7999, '2026-01-24 17:17:46');

-- User: Ashwin (ashwin280208@gmail.com)
INSERT OR REPLACE INTO users (id, email, password_hash, name, phone, address, city, state, pincode, is_admin, created_at, updated_at) VALUES (42, 'ashwin280208@gmail.com', '$2b$10$7R3G2L9e0Pz1VWnLurSJNeAdd47eVfqkFQCPgtzSRX.ku/1wXsrrG', 'Ashwin', '8807799844', 'No:49 ponni amman Kovil Street, kottur, Chennai, Tamil Nadu - 600085', NULL, NULL, NULL, 0, '2026-01-24 17:04:50', '2026-01-24 17:04:50');
INSERT OR REPLACE INTO orders (id, user_id, order_number, status, payment_status, total, subtotal, tracking_id, shipping_id, shipping_status, estimated_delivery, created_at, updated_at) VALUES (100, 42, 'FLYQ-1769275066280-FWF5K3', 'confirmed', 'paid', 7999, 7999, 'TRK1769275066291Z925RG', 'SHIP-FLYQ-1769275066280-FWF5K3-1769275066291', 'pending', '2026-01-26', '2026-01-24 17:17:46', '2026-01-24 17:17:46');
INSERT OR REPLACE INTO order_items (id, order_id, product_id, product_name, quantity, price, created_at) VALUES (100, 100, 1, 'FLYQ Air', 1, 7999, '2026-01-24 17:17:46');

-- User: Ram Ashish Shrivastava (ram5march2018@gmail.com)
INSERT OR REPLACE INTO users (id, email, password_hash, name, phone, address, city, state, pincode, is_admin, created_at, updated_at) VALUES (43, 'ram5march2018@gmail.com', '$2b$10$nyzbHIgPiNhaHYdgCVt9XOJMZjqUznfcZe/Vyt.Zagw1qRmyJQn1O', 'Ram Ashish Shrivastava', '9350169353', 'First Floor, C775New Friends ColonyDelhi, 110025', NULL, NULL, NULL, 0, '2026-01-24 17:04:50', '2026-01-24 17:04:50');
INSERT OR REPLACE INTO orders (id, user_id, order_number, status, payment_status, total, subtotal, tracking_id, shipping_id, shipping_status, estimated_delivery, created_at, updated_at) VALUES (101, 43, 'FLYQ-1769275066332-P4Z9OG', 'confirmed', 'paid', 7999, 7999, 'TRK1769275066341DAENIO', 'SHIP-FLYQ-1769275066332-P4Z9OG-1769275066341', 'pending', '2026-01-26', '2026-01-24 17:17:46', '2026-01-24 17:17:46');
INSERT OR REPLACE INTO order_items (id, order_id, product_id, product_name, quantity, price, created_at) VALUES (101, 101, 1, 'FLYQ Air', 1, 7999, '2026-01-24 17:17:46');

-- User: Yadavalli Sneha (sriyasneha2@gmail.com)
INSERT OR REPLACE INTO users (id, email, password_hash, name, phone, address, city, state, pincode, is_admin, created_at, updated_at) VALUES (44, 'sriyasneha2@gmail.com', '$2b$10$4kiBY5mul41TLDhrIDwZdez4WEaMw0YDUGustoml6lFVYbQliGFzy', 'Yadavalli Sneha', '6301489968', 'Block 2 -103, Manipal institute of technology, Beside KMC, Udupi, Karnataka- 576104', NULL, NULL, NULL, 0, '2026-01-24 17:04:51', '2026-01-24 17:04:51');
INSERT OR REPLACE INTO orders (id, user_id, order_number, status, payment_status, total, subtotal, tracking_id, shipping_id, shipping_status, estimated_delivery, created_at, updated_at) VALUES (102, 44, 'FLYQ-1769275066377-IKZP5Y', 'confirmed', 'paid', 7999, 7999, 'TRK17692750663860XGSOV', 'SHIP-FLYQ-1769275066377-IKZP5Y-1769275066386', 'pending', '2026-01-26', '2026-01-24 17:17:46', '2026-01-24 17:17:46');
INSERT OR REPLACE INTO order_items (id, order_id, product_id, product_name, quantity, price, created_at) VALUES (102, 102, 1, 'FLYQ Air', 1, 7999, '2026-01-24 17:17:46');

-- User: Adwaith kumar (adwaithkumar4506@gmail.com)
INSERT OR REPLACE INTO users (id, email, password_hash, name, phone, address, city, state, pincode, is_admin, created_at, updated_at) VALUES (45, 'adwaithkumar4506@gmail.com', '$2b$10$V.nWVOeFEZ4Rs.sJf5Hpwex42S4lh9F2tcvSnPeIL7V44H6jVuOdu', 'Adwaith kumar', '9947411723', 'Adwaith Kumar, Kannampally Madom, Kuruveli Mathil P O, Payyanur (via), Kannur, Kerala. PIN:670307', NULL, NULL, NULL, 0, '2026-01-24 17:04:51', '2026-01-24 17:04:51');
INSERT OR REPLACE INTO orders (id, user_id, order_number, status, payment_status, total, subtotal, tracking_id, shipping_id, shipping_status, estimated_delivery, created_at, updated_at) VALUES (103, 45, 'FLYQ-1769275066433-8Q8G9U', 'confirmed', 'paid', 7999, 7999, 'TRK1769275066441W8PH0G', 'SHIP-FLYQ-1769275066433-8Q8G9U-1769275066441', 'pending', '2026-01-26', '2026-01-24 17:17:46', '2026-01-24 17:17:46');
INSERT OR REPLACE INTO order_items (id, order_id, product_id, product_name, quantity, price, created_at) VALUES (103, 103, 1, 'FLYQ Air', 1, 7999, '2026-01-24 17:17:46');

-- User: Nirav patel (neerav84@gmail.com)
INSERT OR REPLACE INTO users (id, email, password_hash, name, phone, address, city, state, pincode, is_admin, created_at, updated_at) VALUES (46, 'neerav84@gmail.com', '$2b$10$d4wdBBZOLWOf2.6WnSjggesKCPdhFCNDO5lHCeF6IPGitB1dvga3a', 'Nirav patel', '9998500095', 'Neerav patel
38 Sudarshan society, part 2
Naranpura Ahmedabad 380013', NULL, NULL, NULL, 0, '2026-01-24 17:04:51', '2026-01-24 17:04:51');
INSERT OR REPLACE INTO orders (id, user_id, order_number, status, payment_status, total, subtotal, tracking_id, shipping_id, shipping_status, estimated_delivery, created_at, updated_at) VALUES (104, 46, 'FLYQ-1769275066492-S8CATW', 'confirmed', 'paid', 7999, 7999, 'TRK1769275066502EMA3XR', 'SHIP-FLYQ-1769275066492-S8CATW-1769275066502', 'pending', '2026-01-26', '2026-01-24 17:17:46', '2026-01-24 17:17:46');
INSERT OR REPLACE INTO order_items (id, order_id, product_id, product_name, quantity, price, created_at) VALUES (104, 104, 1, 'FLYQ Air', 1, 7999, '2026-01-24 17:17:46');

-- User: Yogesh Bhat (yogeshnbhat@gmail.com)
INSERT OR REPLACE INTO users (id, email, password_hash, name, phone, address, city, state, pincode, is_admin, created_at, updated_at) VALUES (47, 'yogeshnbhat@gmail.com', '$2b$10$VC38Vs0F6PFfcp68rCEbJ.UB9V4i0bs.Vs/h81zJKmThAARqtFL.W', 'Yogesh Bhat', '919986349547', 'No. 59, Ground Floor, 6th Cross, 2nd Main, Soudhamini Layout, Konanakunte, Bengaluru - 560062.', NULL, NULL, NULL, 0, '2026-01-24 17:04:51', '2026-01-24 17:04:51');
INSERT OR REPLACE INTO orders (id, user_id, order_number, status, payment_status, total, subtotal, tracking_id, shipping_id, shipping_status, estimated_delivery, created_at, updated_at) VALUES (105, 47, 'FLYQ-1769275066539-XRU3P2', 'confirmed', 'paid', 11999, 11999, 'TRK1769275066551XPLJ8T', 'SHIP-FLYQ-1769275066539-XRU3P2-1769275066551', 'pending', '2026-01-26', '2026-01-24 17:17:46', '2026-01-24 17:17:46');
INSERT OR REPLACE INTO order_items (id, order_id, product_id, product_name, quantity, price, created_at) VALUES (105, 105, 2, 'FLYQ Vision', 1, 11999, '2026-01-24 17:17:46');

-- User: Pranjal Pradhan (pranjal.pradhan26@gmail.com)
INSERT OR REPLACE INTO users (id, email, password_hash, name, phone, address, city, state, pincode, is_admin, created_at, updated_at) VALUES (48, 'pranjal.pradhan26@gmail.com', '$2b$10$.ci7l36RJtCTppgbHG6jq.mDEyNrhZAr8oA4vNpbLgv3M4ha6moTO', 'Pranjal Pradhan', '918130208090', 'C-423 Divya Jyoti Apartment, Sector-19, Rohini, Delhi,Delhi-110089Landmark: Sector-18/19 Metro Station Yellow Line', NULL, NULL, NULL, 0, '2026-01-24 17:04:51', '2026-01-24 17:04:51');
INSERT OR REPLACE INTO orders (id, user_id, order_number, status, payment_status, total, subtotal, tracking_id, shipping_id, shipping_status, estimated_delivery, created_at, updated_at) VALUES (106, 48, 'FLYQ-1769275066592-UURWT0', 'confirmed', 'paid', 11999, 11999, 'TRK1769275066612YFNT75', 'SHIP-FLYQ-1769275066592-UURWT0-1769275066612', 'pending', '2026-01-26', '2026-01-24 17:17:46', '2026-01-24 17:17:46');
INSERT OR REPLACE INTO order_items (id, order_id, product_id, product_name, quantity, price, created_at) VALUES (106, 106, 2, 'FLYQ Vision', 1, 11999, '2026-01-24 17:17:46');

-- User: Titin Mondal (titinmondal30@gmail.com)
INSERT OR REPLACE INTO users (id, email, password_hash, name, phone, address, city, state, pincode, is_admin, created_at, updated_at) VALUES (49, 'titinmondal30@gmail.com', '$2b$10$Mmfe7hguW8w4bBhSKOGyyuH/j59Sx9VYfqk8DvSftX0zU1OLIRNbK', 'Titin Mondal', '918906281088', 'Full Address - Bagchi Sri Shankara Cancer Centre and Research Institute Bhubaneswar , 
Badaraghunathpur Road, Info Valley, Chandiheta, Bhubaneswar, Odisha ,  Pin Code - 752054', NULL, NULL, NULL, 0, '2026-01-24 17:04:52', '2026-01-24 17:04:52');
INSERT OR REPLACE INTO orders (id, user_id, order_number, status, payment_status, total, subtotal, tracking_id, shipping_id, shipping_status, estimated_delivery, created_at, updated_at) VALUES (107, 49, 'FLYQ-1769275066645-CWV573', 'confirmed', 'paid', 7999, 7999, 'TRK17692750666611CT0GY', 'SHIP-FLYQ-1769275066645-CWV573-1769275066661', 'pending', '2026-01-26', '2026-01-24 17:17:46', '2026-01-24 17:17:46');
INSERT OR REPLACE INTO order_items (id, order_id, product_id, product_name, quantity, price, created_at) VALUES (107, 107, 1, 'FLYQ Air', 1, 7999, '2026-01-24 17:17:46');

-- User: BALAJI RAO (Balajirao1511@gmail.com)
INSERT OR REPLACE INTO users (id, email, password_hash, name, phone, address, city, state, pincode, is_admin, created_at, updated_at) VALUES (50, 'Balajirao1511@gmail.com', '$2b$10$jsOI62LRtlNeyyeKSJ7iU.w4rd4NIb1EAO09R/GyDmMulFEm4zmZW', 'BALAJI RAO', '919080456547', 'plot no 103, 106 Anna nagr palamarathupatti ponnagaram natham road dindigul 624003', NULL, NULL, NULL, 0, '2026-01-24 17:04:52', '2026-01-24 17:04:52');
INSERT OR REPLACE INTO orders (id, user_id, order_number, status, payment_status, total, subtotal, tracking_id, shipping_id, shipping_status, estimated_delivery, created_at, updated_at) VALUES (108, 50, 'FLYQ-1769275066697-Z2P1G9', 'confirmed', 'paid', 11999, 11999, 'TRK1769275066711EIYK56', 'SHIP-FLYQ-1769275066697-Z2P1G9-1769275066711', 'pending', '2026-01-26', '2026-01-24 17:17:46', '2026-01-24 17:17:46');
INSERT OR REPLACE INTO order_items (id, order_id, product_id, product_name, quantity, price, created_at) VALUES (108, 108, 2, 'FLYQ Vision', 1, 11999, '2026-01-24 17:17:46');

-- User: Deepakaradurai (deepakaradurai222456@gmail.com)
INSERT OR REPLACE INTO users (id, email, password_hash, name, phone, address, city, state, pincode, is_admin, created_at, updated_at) VALUES (51, 'deepakaradurai222456@gmail.com', '$2b$10$oKjPmkj0Z9piqdu4QoJWAOEgy66zbBbVQJehwejyLinn3bpLwkNqO', 'Deepakaradurai', '919159713566', 'FLT LT DEEPAKARADURAI PSenior Medical Officer PMGAir Force Station Dadri Sadhopur ki JhalGB Nagar Uttar Pradesh 203207', NULL, NULL, NULL, 0, '2026-01-24 17:04:52', '2026-01-24 17:04:52');
INSERT OR REPLACE INTO orders (id, user_id, order_number, status, payment_status, total, subtotal, tracking_id, shipping_id, shipping_status, estimated_delivery, created_at, updated_at) VALUES (109, 51, 'FLYQ-1769275066750-SY6L1X', 'confirmed', 'paid', 11999, 11999, 'TRK1769275066762XPWHNE', 'SHIP-FLYQ-1769275066750-SY6L1X-1769275066762', 'pending', '2026-01-26', '2026-01-24 17:17:46', '2026-01-24 17:17:46');
INSERT OR REPLACE INTO order_items (id, order_id, product_id, product_name, quantity, price, created_at) VALUES (109, 109, 2, 'FLYQ Vision', 1, 11999, '2026-01-24 17:17:46');

-- User: Ruchik Chaudhari (ruchikchaudhari08@gmail.com)
INSERT OR REPLACE INTO users (id, email, password_hash, name, phone, address, city, state, pincode, is_admin, created_at, updated_at) VALUES (52, 'ruchikchaudhari08@gmail.com', '$2b$10$81FcUnAnKsETzlz0nefi4.u2w2TAqAo6ibd39f25UtJpv6JgW9KLG', 'Ruchik Chaudhari', '919737820380', 'Pib group 1st floor A-2 Building Sarabhai campus near mariott hotel,genda circle vadodara Gujarat Pincode:390023', NULL, NULL, NULL, 0, '2026-01-24 17:04:52', '2026-01-24 17:04:52');
INSERT OR REPLACE INTO orders (id, user_id, order_number, status, payment_status, total, subtotal, tracking_id, shipping_id, shipping_status, estimated_delivery, created_at, updated_at) VALUES (110, 52, 'FLYQ-1769275066801-ZO14A2', 'confirmed', 'paid', 7999, 7999, 'TRK1769275066814JACH9M', 'SHIP-FLYQ-1769275066801-ZO14A2-1769275066814', 'pending', '2026-01-26', '2026-01-24 17:17:46', '2026-01-24 17:17:46');
INSERT OR REPLACE INTO order_items (id, order_id, product_id, product_name, quantity, price, created_at) VALUES (110, 110, 1, 'FLYQ Air', 1, 7999, '2026-01-24 17:17:46');

-- User: Rahul (rahulmani360@gmail.com)
INSERT OR REPLACE INTO users (id, email, password_hash, name, phone, address, city, state, pincode, is_admin, created_at, updated_at) VALUES (53, 'rahulmani360@gmail.com', '$2b$10$dnLihvt3EWqYVpeFKT4xkONMh1eoqKBndBDMYaXK85dEw7IiZrEXS', 'Rahul', '917358187769', '12/37 Dr Ambedkar Street, Rathinapuram, Nanganallur chennai 600061', NULL, NULL, NULL, 0, '2026-01-24 17:04:52', '2026-01-24 17:04:52');
INSERT OR REPLACE INTO orders (id, user_id, order_number, status, payment_status, total, subtotal, tracking_id, shipping_id, shipping_status, estimated_delivery, created_at, updated_at) VALUES (111, 53, 'FLYQ-1769275066850-ILB1BY', 'confirmed', 'paid', 11999, 11999, 'TRK176927506686049ZRIF', 'SHIP-FLYQ-1769275066850-ILB1BY-1769275066860', 'pending', '2026-01-26', '2026-01-24 17:17:46', '2026-01-24 17:17:46');
INSERT OR REPLACE INTO order_items (id, order_id, product_id, product_name, quantity, price, created_at) VALUES (111, 111, 2, 'FLYQ Vision', 1, 11999, '2026-01-24 17:17:46');

-- User: Roshan thavidisetti (tvnroshan@gmail.com)
INSERT OR REPLACE INTO users (id, email, password_hash, name, phone, address, city, state, pincode, is_admin, created_at, updated_at) VALUES (54, 'tvnroshan@gmail.com', '$2b$10$ErWHfMkvgqS6lUvuZl0vuunJzcB/A2O5R8pY8e1aUmMMoJaLZ0vpe', 'Roshan thavidisetti', '7993709555', 'Survey No: 62/1A, Bahadurpally, Jeedimetla, Hyderabad, Telangana 500043', NULL, NULL, NULL, 0, '2026-01-24 17:04:52', '2026-01-24 17:04:52');
INSERT OR REPLACE INTO orders (id, user_id, order_number, status, payment_status, total, subtotal, tracking_id, shipping_id, shipping_status, estimated_delivery, created_at, updated_at) VALUES (112, 54, 'FLYQ-1769275066916-NCYOPG', 'confirmed', 'paid', 7999, 7999, 'TRK1769275066933ALKQ5E', 'SHIP-FLYQ-1769275066916-NCYOPG-1769275066933', 'pending', '2026-01-26', '2026-01-24 17:17:46', '2026-01-24 17:17:46');
INSERT OR REPLACE INTO order_items (id, order_id, product_id, product_name, quantity, price, created_at) VALUES (112, 112, 1, 'FLYQ Air', 1, 7999, '2026-01-24 17:17:46');

-- User: Arit bose (arit.bose27@gmail.com)
INSERT OR REPLACE INTO users (id, email, password_hash, name, phone, address, city, state, pincode, is_admin, created_at, updated_at) VALUES (55, 'arit.bose27@gmail.com', '$2b$10$OaegT2AWbLX7M7m1QtIkrew8C9qHSICpoA1lClEXoHd.XOpfnF7X2', 'Arit bose', '917059403911', 'Arit BoseBellas Apartment 2nd floor ,above Happy policlinic Mahadanga main road ,Mahadanga Colony,Chandannagar Hooghly,West Bengal, pin 712136', NULL, NULL, NULL, 0, '2026-01-24 17:04:53', '2026-01-24 17:04:53');
INSERT OR REPLACE INTO orders (id, user_id, order_number, status, payment_status, total, subtotal, tracking_id, shipping_id, shipping_status, estimated_delivery, created_at, updated_at) VALUES (113, 55, 'FLYQ-1769275066968-YTPP0C', 'confirmed', 'paid', 7999, 7999, 'TRK1769275066979J9R0BE', 'SHIP-FLYQ-1769275066968-YTPP0C-1769275066979', 'pending', '2026-01-26', '2026-01-24 17:17:46', '2026-01-24 17:17:46');
INSERT OR REPLACE INTO order_items (id, order_id, product_id, product_name, quantity, price, created_at) VALUES (113, 113, 1, 'FLYQ Air', 1, 7999, '2026-01-24 17:17:46');

-- User: SOM MISHRA (mishrasom75@email.com)
INSERT OR REPLACE INTO users (id, email, password_hash, name, phone, address, city, state, pincode, is_admin, created_at, updated_at) VALUES (56, 'mishrasom75@email.com', '$2b$10$4EFiDB0SScFfNf/U4l/f2egqcwWhIgx.nVhSeciJm3/X6wecGUPXW', 'SOM MISHRA', '6261668524', 'Satyam PG , sikandarpur road, sector 85, Gurugram (122012)', NULL, NULL, NULL, 0, '2026-01-24 17:04:53', '2026-01-24 17:04:53');
INSERT OR REPLACE INTO orders (id, user_id, order_number, status, payment_status, total, subtotal, tracking_id, shipping_id, shipping_status, estimated_delivery, created_at, updated_at) VALUES (114, 56, 'FLYQ-1769275067019-8T0LFX', 'confirmed', 'paid', 11999, 11999, 'TRK176927506703186VHC4', 'SHIP-FLYQ-1769275067019-8T0LFX-1769275067031', 'pending', '2026-01-26', '2026-01-24 17:17:47', '2026-01-24 17:17:47');
INSERT OR REPLACE INTO order_items (id, order_id, product_id, product_name, quantity, price, created_at) VALUES (114, 114, 2, 'FLYQ Vision', 1, 11999, '2026-01-24 17:17:47');

-- User: Avyukt Gupta (avyuktgupta71@gmail.com)
INSERT OR REPLACE INTO users (id, email, password_hash, name, phone, address, city, state, pincode, is_admin, created_at, updated_at) VALUES (57, 'avyuktgupta71@gmail.com', '$2b$10$8Rs0PMg0BgYXNCxWiKVVt.3g47nFNmYiL8O3WeUkMlfLWIGuzeJh.', 'Avyukt Gupta', '8317374321', '701, Mahaveer Nagar 1st, Near Orchids Central School, Jaipur, Rajasthan-- 302018', NULL, NULL, NULL, 0, '2026-01-24 17:04:53', '2026-01-24 17:04:53');
INSERT OR REPLACE INTO orders (id, user_id, order_number, status, payment_status, total, subtotal, tracking_id, shipping_id, shipping_status, estimated_delivery, created_at, updated_at) VALUES (115, 57, 'FLYQ-1769275067081-FTV8HD', 'confirmed', 'paid', 7999, 7999, 'TRK1769275067093PQFO6Z', 'SHIP-FLYQ-1769275067081-FTV8HD-1769275067093', 'pending', '2026-01-26', '2026-01-24 17:17:47', '2026-01-24 17:17:47');
INSERT OR REPLACE INTO order_items (id, order_id, product_id, product_name, quantity, price, created_at) VALUES (115, 115, 1, 'FLYQ Air', 1, 7999, '2026-01-24 17:17:47');

-- User: Tarsh Gaur (gaurtarsh47@gmail.com)
INSERT OR REPLACE INTO users (id, email, password_hash, name, phone, address, city, state, pincode, is_admin, created_at, updated_at) VALUES (58, 'gaurtarsh47@gmail.com', '$2b$10$fOb3mKUfmnwd0dCDodU90eSEa3Lmex7t08yDPzBc5rZbV/0cQ.tOG', 'Tarsh Gaur', '8076652856', 'Boys hostel -2 , Ajay Kumar Garg Engineering College Ghaziabad . PIN code - 201015', NULL, NULL, NULL, 0, '2026-01-24 17:04:53', '2026-01-24 17:04:53');
INSERT OR REPLACE INTO orders (id, user_id, order_number, status, payment_status, total, subtotal, tracking_id, shipping_id, shipping_status, estimated_delivery, created_at, updated_at) VALUES (116, 58, 'FLYQ-1769275067138-JX737F', 'confirmed', 'paid', 11999, 11999, 'TRK17692750671465YH9Q2', 'SHIP-FLYQ-1769275067138-JX737F-1769275067146', 'pending', '2026-01-26', '2026-01-24 17:17:47', '2026-01-24 17:17:47');
INSERT OR REPLACE INTO order_items (id, order_id, product_id, product_name, quantity, price, created_at) VALUES (116, 116, 2, 'FLYQ Vision', 1, 11999, '2026-01-24 17:17:47');

-- User: Harikrishna Chaitanya (rohith2313smpl@gmail.com)
INSERT OR REPLACE INTO users (id, email, password_hash, name, phone, address, city, state, pincode, is_admin, created_at, updated_at) VALUES (59, 'rohith2313smpl@gmail.com', '$2b$10$1R/1dwmvaVUHCAemDkPldOhh4Q8VSpo6Vi2AjMEnSBfse.v18/zG.', 'Harikrishna Chaitanya', '917780557732', 'Hari Krishna chaitanya k Ms suchita millinuem projects pvt Ltd Betaduru, neermanvi, manvi, raichur Karnataka 584123', NULL, NULL, NULL, 0, '2026-01-24 17:04:54', '2026-01-24 17:04:54');
INSERT OR REPLACE INTO orders (id, user_id, order_number, status, payment_status, total, subtotal, tracking_id, shipping_id, shipping_status, estimated_delivery, created_at, updated_at) VALUES (117, 59, 'FLYQ-1769275067192-05YDU2', 'confirmed', 'paid', 11999, 11999, 'TRK1769275067202VKPMQ1', 'SHIP-FLYQ-1769275067192-05YDU2-1769275067202', 'pending', '2026-01-26', '2026-01-24 17:17:47', '2026-01-24 17:17:47');
INSERT OR REPLACE INTO order_items (id, order_id, product_id, product_name, quantity, price, created_at) VALUES (117, 117, 2, 'FLYQ Vision', 1, 11999, '2026-01-24 17:17:47');

-- User: Akash Sambare (akashsambare191@gmail.com)
INSERT OR REPLACE INTO users (id, email, password_hash, name, phone, address, city, state, pincode, is_admin, created_at, updated_at) VALUES (60, 'akashsambare191@gmail.com', '$2b$10$Hp5ONr6HF5wducFLOtv55ulYDH9C652m6CVLl.SCCSEOoSv.v8TTG', 'Akash Sambare', '919773788366', 'Room No 3, Siddhivinayak Apat, Near Smashanbhumi, Vitawa , Thane 400605', NULL, NULL, NULL, 0, '2026-01-24 17:04:54', '2026-01-24 17:04:54');
INSERT OR REPLACE INTO orders (id, user_id, order_number, status, payment_status, total, subtotal, tracking_id, shipping_id, shipping_status, estimated_delivery, created_at, updated_at) VALUES (118, 60, 'FLYQ-1769275067239-FQM0CC', 'confirmed', 'paid', 11999, 11999, 'TRK1769275067248Z1LTTG', 'SHIP-FLYQ-1769275067239-FQM0CC-1769275067248', 'pending', '2026-01-26', '2026-01-24 17:17:47', '2026-01-24 17:17:47');
INSERT OR REPLACE INTO order_items (id, order_id, product_id, product_name, quantity, price, created_at) VALUES (118, 118, 2, 'FLYQ Vision', 1, 11999, '2026-01-24 17:17:47');

-- User: Vijayakumar P (pvijayakumara47@gmail.com)
INSERT OR REPLACE INTO users (id, email, password_hash, name, phone, address, city, state, pincode, is_admin, created_at, updated_at) VALUES (61, 'pvijayakumara47@gmail.com', '$2b$10$qeiOFfM9KwRVMIpjlWdwLu2hiBR7dNq5.GR28QY2BYzWNjs29MWtG', 'Vijayakumar P', '9360256739', 'Home address: No 5/13, 4th Street, Corporation Colony, Tondiarpet, Chennai - 600081', NULL, NULL, NULL, 0, '2026-01-24 17:04:54', '2026-01-24 17:04:54');
INSERT OR REPLACE INTO orders (id, user_id, order_number, status, payment_status, total, subtotal, tracking_id, shipping_id, shipping_status, estimated_delivery, created_at, updated_at) VALUES (119, 61, 'FLYQ-1769275067285-H7BP9P', 'confirmed', 'paid', 11999, 11999, 'TRK1769275067290LVU480', 'SHIP-FLYQ-1769275067285-H7BP9P-1769275067290', 'pending', '2026-01-26', '2026-01-24 17:17:47', '2026-01-24 17:17:47');
INSERT OR REPLACE INTO order_items (id, order_id, product_id, product_name, quantity, price, created_at) VALUES (119, 119, 2, 'FLYQ Vision', 1, 11999, '2026-01-24 17:17:47');

-- User: PARISHA DOGRA (dograparisha87@gmail.com)
INSERT OR REPLACE INTO users (id, email, password_hash, name, phone, address, city, state, pincode, is_admin, created_at, updated_at) VALUES (62, 'dograparisha87@gmail.com', '$2b$10$BoBHLvRmB.ZttudtquH57ueQ94FjbwAtirutN1g2x.uG1ywVc7/F6', 'PARISHA DOGRA', '9138435830', 'HNO. 3, Rajinder Nagar, near sham nagar gurudwara, babyal, Ambala Cantt, Haryana,133005', NULL, NULL, NULL, 0, '2026-01-24 17:04:55', '2026-01-24 17:04:55');
INSERT OR REPLACE INTO orders (id, user_id, order_number, status, payment_status, total, subtotal, tracking_id, shipping_id, shipping_status, estimated_delivery, created_at, updated_at) VALUES (120, 62, 'FLYQ-1769275067369-2VN4HL', 'confirmed', 'paid', 7999, 7999, 'TRK1769275067386Q8Q5DI', 'SHIP-FLYQ-1769275067369-2VN4HL-1769275067386', 'pending', '2026-01-26', '2026-01-24 17:17:47', '2026-01-24 17:17:47');
INSERT OR REPLACE INTO order_items (id, order_id, product_id, product_name, quantity, price, created_at) VALUES (120, 120, 1, 'FLYQ Air', 1, 7999, '2026-01-24 17:17:47');

-- User: Sai Jayanth (saijayanth2000y@gmail.com)
INSERT OR REPLACE INTO users (id, email, password_hash, name, phone, address, city, state, pincode, is_admin, created_at, updated_at) VALUES (63, 'saijayanth2000y@gmail.com', '$2b$10$MqyENv9dhZtn3BUOW25v.OCz8bFKo4SA2OatyfyTSI.66VX/SXzhK', 'Sai Jayanth', '918247827298', 'Tanvi pg,
Doddathogur Rd, next to Lakshmi Hospital, Electronic City Phase I, Doddathoguru, Bengaluru, Karnataka 560100', NULL, NULL, NULL, 0, '2026-01-24 17:04:55', '2026-01-24 17:04:55');
INSERT OR REPLACE INTO orders (id, user_id, order_number, status, payment_status, total, subtotal, tracking_id, shipping_id, shipping_status, estimated_delivery, created_at, updated_at) VALUES (121, 63, 'FLYQ-1769275067428-E4W1TF', 'confirmed', 'paid', 7999, 7999, 'TRK1769275067443E2ZLTQ', 'SHIP-FLYQ-1769275067428-E4W1TF-1769275067443', 'pending', '2026-01-26', '2026-01-24 17:17:47', '2026-01-24 17:17:47');
INSERT OR REPLACE INTO order_items (id, order_id, product_id, product_name, quantity, price, created_at) VALUES (121, 121, 1, 'FLYQ Air', 1, 7999, '2026-01-24 17:17:47');

-- User: Senthil (suma@emailad.com)
INSERT OR REPLACE INTO users (id, email, password_hash, name, phone, address, city, state, pincode, is_admin, created_at, updated_at) VALUES (64, 'suma@emailad.com', '$2b$10$udTiZMDfxnaUNUMegTGz2.Ti1MJYrbSBcRFRS2o5xy4iinQisyMJm', 'Senthil', '919884516123', '#82, ayyavoo naicker street, alapakkam, porur Chennai 600116', NULL, NULL, NULL, 0, '2026-01-24 17:04:55', '2026-01-24 17:04:55');
INSERT OR REPLACE INTO orders (id, user_id, order_number, status, payment_status, total, subtotal, tracking_id, shipping_id, shipping_status, estimated_delivery, created_at, updated_at) VALUES (122, 64, 'FLYQ-1769275067478-Y93EU8', 'confirmed', 'paid', 7999, 7999, 'TRK1769275067489RPK787', 'SHIP-FLYQ-1769275067478-Y93EU8-1769275067489', 'pending', '2026-01-26', '2026-01-24 17:17:47', '2026-01-24 17:17:47');
INSERT OR REPLACE INTO order_items (id, order_id, product_id, product_name, quantity, price, created_at) VALUES (122, 122, 1, 'FLYQ Air', 1, 7999, '2026-01-24 17:17:47');

-- User: Smitha (smithsmitha766@gmail.com)
INSERT OR REPLACE INTO users (id, email, password_hash, name, phone, address, city, state, pincode, is_admin, created_at, updated_at) VALUES (65, 'smithsmitha766@gmail.com', '$2b$10$WRy0MT9C.DKZA/jI5./X8.r/VIpjh4ecdN6TzLboLkcKXy00sHdSa', 'Smitha', '8838651174', 'Lovely Professional University, Phagwara, Kapurthala, Jalandhar,Punjab,144411.', NULL, NULL, NULL, 0, '2026-01-24 17:04:55', '2026-01-24 17:04:55');
INSERT OR REPLACE INTO orders (id, user_id, order_number, status, payment_status, total, subtotal, tracking_id, shipping_id, shipping_status, estimated_delivery, created_at, updated_at) VALUES (123, 65, 'FLYQ-1769275067534-ZV6BWM', 'confirmed', 'paid', 7999, 7999, 'TRK1769275067551VVYFYX', 'SHIP-FLYQ-1769275067534-ZV6BWM-1769275067551', 'pending', '2026-01-26', '2026-01-24 17:17:47', '2026-01-24 17:17:47');
INSERT OR REPLACE INTO order_items (id, order_id, product_id, product_name, quantity, price, created_at) VALUES (123, 123, 1, 'FLYQ Air', 1, 7999, '2026-01-24 17:17:47');

-- User: Nikhil Ramdas Bhalerao (nikhilbhalerao86@gmail.com)
INSERT OR REPLACE INTO users (id, email, password_hash, name, phone, address, city, state, pincode, is_admin, created_at, updated_at) VALUES (66, 'nikhilbhalerao86@gmail.com', '$2b$10$Wry3D0pgOA2wgjYnUAW.je1TOS3WpNIvPUZBIhcDAt4l7H1joZcku', 'Nikhil Ramdas Bhalerao', '97668 27277', 'Nikhil Ramdas BhaleraoAishwaryam Courtyard,Flat No - K 606, Gat No 1169/70, Chikhali Akurdi Rd, opposite Newale Wasti, Chikhali,Pimpri-Chinchwad, Maharashtra 411062', NULL, NULL, NULL, 0, '2026-01-24 17:04:56', '2026-01-24 17:04:56');
INSERT OR REPLACE INTO orders (id, user_id, order_number, status, payment_status, total, subtotal, tracking_id, shipping_id, shipping_status, estimated_delivery, created_at, updated_at) VALUES (124, 66, 'FLYQ-1769275067599-SW0T6Y', 'confirmed', 'paid', 7999, 7999, 'TRK17692750676226QPJKQ', 'SHIP-FLYQ-1769275067599-SW0T6Y-1769275067622', 'pending', '2026-01-26', '2026-01-24 17:17:47', '2026-01-24 17:17:47');
INSERT OR REPLACE INTO order_items (id, order_id, product_id, product_name, quantity, price, created_at) VALUES (124, 124, 1, 'FLYQ Air', 1, 7999, '2026-01-24 17:17:47');

-- User: Aleron (aleronandhiskeys@gmail.com)
INSERT OR REPLACE INTO users (id, email, password_hash, name, phone, address, city, state, pincode, is_admin, created_at, updated_at) VALUES (67, 'aleronandhiskeys@gmail.com', '$2b$10$kfVBG/ykcX05FIhf2V134ep58elDCHoJJCoGWgQcTviEIbvATO7Nm', 'Aleron', '918108876552', 'M/s Trinity EngineeringC/o Aleron Soans. Gala C/6 Unit 2 ; Digvijay Estate 2 Pokhran rd no.1, Upvan,Thane (W)- 400606 GSTIN:27FNNPS7700E1ZN State Name :Maharasthtra, Code27', NULL, NULL, NULL, 0, '2026-01-24 17:04:56', '2026-01-24 17:04:56');
INSERT OR REPLACE INTO orders (id, user_id, order_number, status, payment_status, total, subtotal, tracking_id, shipping_id, shipping_status, estimated_delivery, created_at, updated_at) VALUES (125, 67, 'FLYQ-1769275067849-EXQCBO', 'confirmed', 'paid', 7999, 7999, 'TRK1769275067868RNR27W', 'SHIP-FLYQ-1769275067849-EXQCBO-1769275067868', 'pending', '2026-01-26', '2026-01-24 17:17:47', '2026-01-24 17:17:47');
INSERT OR REPLACE INTO order_items (id, order_id, product_id, product_name, quantity, price, created_at) VALUES (125, 125, 1, 'FLYQ Air', 1, 7999, '2026-01-24 17:17:47');

-- User: Kuber (sharmakuber011@gmail.com)
INSERT OR REPLACE INTO users (id, email, password_hash, name, phone, address, city, state, pincode, is_admin, created_at, updated_at) VALUES (68, 'sharmakuber011@gmail.com', '$2b$10$escDjcNmG2K9tBnCDOa4n.33tLBAz/GytK59ixR4jO.YKng4RLgFi', 'Kuber', '918368804315', 'House No. 94, Moti Vihar, Silokhra, South City -1, Sector 41, Gurugram
Pincode 122001', NULL, NULL, NULL, 0, '2026-01-24 17:04:56', '2026-01-24 17:04:56');
INSERT OR REPLACE INTO orders (id, user_id, order_number, status, payment_status, total, subtotal, tracking_id, shipping_id, shipping_status, estimated_delivery, created_at, updated_at) VALUES (126, 68, 'FLYQ-1769275067912-LE9LYP', 'confirmed', 'paid', 7999, 7999, 'TRK1769275067928W1CSFW', 'SHIP-FLYQ-1769275067912-LE9LYP-1769275067928', 'pending', '2026-01-26', '2026-01-24 17:17:47', '2026-01-24 17:17:47');
INSERT OR REPLACE INTO order_items (id, order_id, product_id, product_name, quantity, price, created_at) VALUES (126, 126, 1, 'FLYQ Air', 1, 7999, '2026-01-24 17:17:47');

PRAGMA foreign_keys = ON;

-- Import Summary:
-- Total Users: 63
-- Total Orders: 63
-- Total Order Items: 63